cohort_year,n_investors,avg_sip,total_invested_cr
2024,4803,10996.885825361911,349.1125187
2025,197,13505.209580838324,3.0455243
